code,npi_number,short_description,long_description
36415,1477874337,,ROUTINE VENIPUNCTURE
80048,1477874337,,METABOLIC PANEL TOTAL CA
80050,1477874337,,GENERAL HEALTH PANEL
80053,1477874337,,COMPREHEN METABOLIC PANEL
80061,1477874337,,LIPID PANEL
80076,1477874337,,HEPATIC FUNCTION PANEL
80162,1477874337,,ASSAY OF DIGOXIN TOTAL
80164,1477874337,,ASSAY DIPROPYLACETIC ACD TOT
80178,1477874337,,ASSAY OF LITHIUM
80197,1477874337,,ASSAY OF TACROLIMUS
80202,1477874337,,ASSAY OF VANCOMYCIN
80299,1477874337,,QUANTITATIVE ASSAY DRUG
80307,1477874337,,DRUG TEST PRSMV CHEM ANLYZR
81001,1477874337,,URINALYSIS AUTO W/SCOPE
81003,1477874337,,URINALYSIS AUTO W/O SCOPE
81511,1477874337,,FTL CGEN ABNOR FOUR ANAL
82043,1477874337,,UR ALBUMIN QUANTITATIVE
82085,1477874337,,ASSAY OF ALDOLASE
82103,1477874337,,ALPHA-1-ANTITRYPSIN TOTAL
82105,1477874337,,ALPHA-FETOPROTEIN SERUM
82140,1477874337,,ASSAY OF AMMONIA
82150,1477874337,,ASSAY OF AMYLASE
82272,1477874337,,OCCULT BLD FECES 1-3 TESTS
82306,1477874337,,VITAMIN D 25 HYDROXY
82310,1477874337,,ASSAY OF CALCIUM
82365,1477874337,,CALCULUS SPECTROSCOPY
82465,1477874337,,ASSAY BLD/SERUM CHOLESTEROL
82530,1477874337,,CORTISOL FREE
82533,1477874337,,TOTAL CORTISOL
82550,1477874337,,ASSAY OF CK (CPK)
82570,1477874337,,ASSAY OF URINE CREATININE
82575,1477874337,,CREATININE CLEARANCE TEST
82607,1477874337,,VITAMIN B-12
82626,1477874337,,DEHYDROEPIANDROSTERONE
82627,1477874337,,DEHYDROEPIANDROSTERONE
82670,1477874337,,ASSAY OF ESTRADIOL
82672,1477874337,,ASSAY OF ESTROGEN
82728,1477874337,,ASSAY OF FERRITIN
82746,1477874337,,ASSAY OF FOLIC ACID SERUM
82784,1477874337,,ASSAY IGA/IGD/IGG/IGM EACH
82950,1477874337,,GLUCOSE TEST
82951,1477874337,,GLUCOSE TOLERANCE TEST (GTT)
82952,1477874337,,GTT-ADDED SAMPLES
82977,1477874337,,ASSAY OF GGT
83001,1477874337,,ASSAY OF GONADOTROPIN (FSH)
83002,1477874337,,ASSAY OF GONADOTROPIN (LH)
83036,1477874337,,GLYCOSYLATED HEMOGLOBIN TEST
83516,1477874337,,IMMUNOASSAY NONANTIBODY
83520,1477874337,,IMMUNOASSAY QUANT NOS NONAB
83525,1477874337,,ASSAY OF INSULIN
83527,1477874337,,ASSAY OF INSULIN
83540,1477874337,,ASSAY OF IRON
83550,1477874337,,IRON BINDING TEST
83690,1477874337,,ASSAY OF LIPASE
83718,1477874337,,ASSAY OF LIPOPROTEIN
83735,1477874337,,ASSAY OF MAGNESIUM
83789,1477874337,,MASS SPECTROMETRY QUAL/QUAN
83880,1477874337,,ASSAY OF NATRIURETIC PEPTIDE
83918,1477874337,,ORGANIC ACIDS TOTAL QUANT
83970,1477874337,,ASSAY OF PARATHORMONE
84100,1477874337,,ASSAY OF PHOSPHORUS
84132,1477874337,,ASSAY OF SERUM POTASSIUM
84134,1477874337,,ASSAY OF PREALBUMIN
84144,1477874337,,ASSAY OF PROGESTERONE
84146,1477874337,,ASSAY OF PROLACTIN
84153,1477874337,,ASSAY OF PSA TOTAL
84154,1477874337,,ASSAY OF PSA FREE
84156,1477874337,,ASSAY OF PROTEIN URINE
84166,1477874337,,PROTEIN E-PHORESIS/URINE/CSF
84402,1477874337,,ASSAY OF FREE TESTOSTERONE
84403,1477874337,,ASSAY OF TOTAL TESTOSTERONE
84425,1477874337,,ASSAY OF VITAMIN B-1
84436,1477874337,,ASSAY OF TOTAL THYROXINE
84439,1477874337,,ASSAY OF FREE THYROXINE
84443,1477874337,,ASSAY THYROID STIM HORMONE
84450,1477874337,,TRANSFERASE (AST) (SGOT)
84460,1477874337,,ALANINE AMINO (ALT) (SGPT)
84478,1477874337,,ASSAY OF TRIGLYCERIDES
84479,1477874337,,ASSAY OF THYROID (T3 OR T4)
84480,1477874337,,ASSAY TRIIODOTHYRONINE (T3)
84481,1477874337,,FREE ASSAY (FT-3)
84484,1477874337,,ASSAY OF TROPONIN QUANT
84550,1477874337,,ASSAY OF BLOOD/URIC ACID
84630,1477874337,,ASSAY OF ZINC
84702,1477874337,,CHORIONIC GONADOTROPIN TEST
84999,1477874337,,CLINICAL CHEMISTRY TEST
85007,1477874337,,BL SMEAR W/DIFF WBC COUNT
85014,1477874337,,HEMATOCRIT
85018,1477874337,,HEMOGLOBIN
85025,1477874337,,COMPLETE CBC W/AUTO DIFF WBC
85027,1477874337,,COMPLETE CBC AUTOMATED
85045,1477874337,,AUTOMATED RETICULOCYTE COUNT
85210,1477874337,,CLOT FACTOR II PROTHROM SPEC
85303,1477874337,,CLOT INHIBIT PROT C ACTIVITY
85306,1477874337,,CLOT INHIBIT PROT S FREE
85379,1477874337,,FIBRIN DEGRADATION QUANT
85384,1477874337,,FIBRINOGEN ACTIVITY
85576,1477874337,,BLOOD PLATELET AGGREGATION
85610,1477874337,,PROTHROMBIN TIME
85652,1477874337,,RBC SED RATE AUTOMATED
85730,1477874337,,THROMBOPLASTIN TIME PARTIAL
86021,1477874337,,WBC ANTIBODY IDENTIFICATION
86038,1477874337,,ANTINUCLEAR ANTIBODIES
86039,1477874337,,ANTINUCLEAR ANTIBODIES (ANA)
86140,1477874337,,C-REACTIVE PROTEIN
86146,1477874337,,BETA-2 GLYCOPROTEIN ANTIBODY
86147,1477874337,,CARDIOLIPIN ANTIBODY EA IG
86148,1477874337,,ANTI-PHOSPHOLIPID ANTIBODY
86200,1477874337,,CCP ANTIBODY
86225,1477874337,,DNA ANTIBODY NATIVE
86235,1477874337,,NUCLEAR ANTIGEN ANTIBODY
86255,1477874337,,FLUORESCENT ANTIBODY SCREEN
86256,1477874337,,FLUORESCENT ANTIBODY TITER
86308,1477874337,,HETEROPHILE ANTIBODY SCREEN
86376,1477874337,,MICROSOMAL ANTIBODY EACH
86592,1477874337,,SYPHILIS TEST NON-TREP QUAL
86618,1477874337,,LYME DISEASE ANTIBODY
86644,1477874337,,CMV ANTIBODY
86645,1477874337,,CMV ANTIBODY IGM
86663,1477874337,,EPSTEIN-BARR ANTIBODY
86664,1477874337,,EPSTEIN-BARR NUCLEAR ANTIGEN
86665,1477874337,,EPSTEIN-BARR CAPSID VCA
86666,1477874337,,EHRLICHIA ANTIBODY
86695,1477874337,,HERPES SIMPLEX TYPE 1 TEST
86696,1477874337,,HERPES SIMPLEX TYPE 2 TEST
86703,1477874337,,HIV-1/HIV-2 1 RESULT ANTBDY
86704,1477874337,,HEP B CORE ANTIBODY TOTAL
86706,1477874337,,HEP B SURFACE ANTIBODY
86709,1477874337,,HEPATITIS A IGM ANTIBODY
86753,1477874337,,PROTOZOA ANTIBODY NOS
86757,1477874337,,RICKETTSIA ANTIBODY
86762,1477874337,,RUBELLA ANTIBODY
86769,1477874337,,"Antib, sev ac resp syn, COVID-19"
86787,1477874337,,VARICELLA-ZOSTER ANTIBODY
86800,1477874337,,THYROGLOBULIN ANTIBODY
86803,1477874337,,HEPATITIS C AB TEST
86812,1477874337,,HLA TYPING A B OR C
86850,1477874337,,RBC ANTIBODY SCREEN
86900,1477874337,,BLOOD TYPING SEROLOGIC ABO
86901,1477874337,,BLOOD TYPING SEROLOGIC RH(D)
87040,1477874337,,BLOOD CULTURE FOR BACTERIA
87045,1477874337,,FECES CULTURE AEROBIC BACT
87046,1477874337,,STOOL CULTR AEROBIC BACT EA
87070,1477874337,,CULTURE OTHR SPECIMN AEROBIC
87077,1477874337,,CULTURE AEROBIC IDENTIFY
87081,1477874337,,CULTURE SCREEN ONLY
87088,1477874337,,URINE BACTERIA CULTURE
87102,1477874337,,FUNGUS ISOLATION CULTURE
87116,1477874337,,MYCOBACTERIA CULTURE
87147,1477874337,,CULTURE TYPE IMMUNOLOGIC
87177,1477874337,,OVA AND PARASITES SMEARS
87184,1477874337,,MICROBE SUSCEPTIBLE DISK
87186,1477874337,,MICROBE SUSCEPTIBLE MIC
87205,1477874337,,SMEAR GRAM STAIN
87206,1477874337,,SMEAR FLUORESCENT/ACID STAI
87209,1477874337,,SMEAR COMPLEX STAIN
87210,1477874337,,SMEAR WET MOUNT SALINE/INK
87255,1477874337,,GENET VIRUS ISOLATE HSV
87324,1477874337,,CLOSTRIDIUM AG IA
87338,1477874337,,HPYLORI STOOL IA
87340,1477874337,,HEPATITIS B SURFACE AG IA
87522,1477874337,,HEPATITIS C REVRS TRNSCRPJ
87529,1477874337,,HSV DNA AMP PROBE
87635,1477874337,,SARS-COV-2 COVID-19 AMP PRB
87798,1477874337,,DETECT AGENT NOS DNA AMP
87899,1477874337,,AGENT NOS ASSAY W/OPTIC
87902,1477874337,,GENOTYPE DNA/RNA HEP C
89050,1477874337,,BODY FLUID CELL COUNT
89055,1477874337,,LEUKOCYTE ASSESSMENT FECAL
G0103,1477874337,,Psa screening
99281,1477874337,,EMERGENCY DEPT VISIT
99282,1477874337,,EMERGENCY DEPT VISIT
99283,1477874337,,EMERGENCY DEPT VISIT
99284,1477874337,,EMERGENCY DEPT VISIT
99285,1477874337,,EMERGENCY DEPT VISIT
0241U,1477874337,,NFCT VIR RESP RNA 4TRGT
10005,1477874337,,FNA BX W/US GDN 1ST LES
10140,1477874337,,DRAINAGE OF HEMATOMA/FLUID
10160,1477874337,,PUNCTURE DRAINAGE OF LESION
11042,1477874337,,DEB SUBQ TISSUE 20 SQ CM/<
11043,1477874337,,DEB MUSC/FASCIA 20 SQ CM/<
11044,1477874337,,DEB BONE 20 SQ CM/<
11045,1477874337,,DEB SUBQ TISSUE ADD-ON
11047,1477874337,,DEB BONE ADD-ON
11401,1477874337,,EXC TR-EXT B9+MARG 0.6-1 CM
11402,1477874337,,EXC TR-EXT B9+MARG 1.1-2 CM
11404,1477874337,,EXC TR-EXT B9+MARG 3.1-4 CM
11406,1477874337,,EXC TR-EXT B9+MARG >4.0 CM
11421,1477874337,,EXC H-F-NK-SP B9+MARG 0.6-1
11424,1477874337,,EXC H-F-NK-SP B9+MARG 3.1-4
11426,1477874337,,EXC H-F-NK-SP B9+MARG >4 CM
11441,1477874337,,EXC FACE-MM B9+MARG 0.6-1 CM
11446,1477874337,,EXC FACE-MM B9+MARG >4 CM
11450,1477874337,,REMOVAL SWEAT GLAND LESION
11451,1477874337,,REMOVAL SWEAT GLAND LESION
11470,1477874337,,REMOVAL SWEAT GLAND LESION
11606,1477874337,,EXC TR-EXT MAL+MARG >4 CM
11646,1477874337,,EXC F/E/E/N/L MAL+MRG >4 CM
11750,1477874337,,REMOVAL OF NAIL BED
11770,1477874337,,REMOVE PILONIDAL CYST SIMPLE
11771,1477874337,,REMOVE PILONIDAL CYST EXTEN
11971,1477874337,,REMOVE TISSUE EXPANDER(S)
11982,1477874337,,REMOVE DRUG IMPLANT DEVICE
12013,1477874337,,RPR F/E/E/N/L/M 2.6-5.0 CM
12020,1477874337,,CLOSURE OF SPLIT WOUND
12032,1477874337,,INTMD RPR S/A/T/EXT 2.6-7.5
13101,1477874337,,CMPLX RPR TRUNK 2.6-7.5 CM
13121,1477874337,,CMPLX RPR S/A/L 2.6-7.5 CM
13122,1477874337,,CMPLX RPR S/A/L ADDL 5 CM/>
13132,1477874337,,CMPLX RPR F/C/C/M/N/AX/G/H/F
13133,1477874337,,CMPLX RPR F/C/C/M/N/AX/G/H/F
14060,1477874337,,TIS TRNFR E/N/E/L 10 SQ CM/<
15002,1477874337,,WOUND PREP TRK/ARM/LEG
15100,1477874337,,SKIN SPLT GRFT TRNK/ARM/LEG
15630,1477874337,,DELAY FLAP EYE/NOS/EAR/LIP
15760,1477874337,,COMPOSITE SKIN GRAFT
15770,1477874337,,DERMA-FAT-FASCIA GRAFT
15771,1477874337,,GRFG AUTOL FAT LIPO 50 CC/<
15877,1477874337,,SUCTION LIPECTOMY TRUNK
16020,1477874337,,DRESS/DEBRID P-THICK BURN S
19000,1477874337,,DRAINAGE OF BREAST LESION
19081,1477874337,,BX BREAST 1ST LESION STRTCTC
19083,1477874337,,BX BREAST 1ST LESION US IMAG
19120,1477874337,,REMOVAL OF BREAST LESION
19281,1477874337,,PERQ DEVICE BREAST 1ST IMAG
19285,1477874337,,PERQ DEV BREAST 1ST US IMAG
19300,1477874337,,REMOVAL OF BREAST TISSUE
19301,1477874337,,PARTIAL MASTECTOMY
19303,1477874337,,MAST SIMPLE COMPLETE
19307,1477874337,,MAST MOD RAD
19316,1477874337,,SUSPENSION OF BREAST
19318,1477874337,,REDUCTION OF LARGE BREAST
19328,1477874337,,REMOVAL OF BREAST IMPLANT
19340,1477874337,,IMMEDIATE BREAST PROSTHESIS
19357,1477874337,,BREAST RECONSTRUCTION
19371,1477874337,,REMOVAL OF BREAST CAPSULE
19380,1477874337,,REVISE BREAST RECONSTRUCTION
20205,1477874337,,DEEP MUSCLE BIOPSY
20206,1477874337,,NEEDLE BIOPSY MUSCLE
20220,1477874337,,BONE BIOPSY TROCAR/NEEDLE
20552,1477874337,,INJ TRIGGER POINT 1/2 MUSCL
20610,1477874337,,DRAIN/INJ JOINT/BURSA W/O US
20611,1477874337,,DRAIN/INJ JOINT/BURSA W/US
20680,1477874337,,REMOVAL OF SUPPORT IMPLANT
20690,1477874337,,APPLY BONE FIXATION DEVICE
20931,1477874337,,SP BONE ALGRFT STRUCT ADD-ON
20999,1477874337,,MUSCULOSKELETAL SURGERY
21320,1477874337,,CLOSED TX NOSE FX W/ STABLJ
21462,1477874337,,TREAT LOWER JAW FRACTURE
21550,1477874337,,BIOPSY OF NECK/CHEST
21552,1477874337,,EXC NECK LES SC 3 CM/>
21555,1477874337,,EXC NECK LES SC < 3 CM
21931,1477874337,,EXC BACK LES SC 3 CM/>
22551,1477874337,,NECK SPINE FUSE&REMOV BEL C2
22552,1477874337,,ADDL NECK SPINE FUSION
22554,1477874337,,NECK SPINE FUSION
22612,1477874337,,LUMBAR SPINE FUSION
22630,1477874337,,LUMBAR SPINE FUSION
22842,1477874337,,INSERT SPINE FIXATION DEVICE
22845,1477874337,,INSERT SPINE FIXATION DEVICE
23071,1477874337,,EXC SHOULDER LES SC 3 CM/>
23120,1477874337,,PARTIAL REMOVAL COLLAR BONE
23405,1477874337,,INCISION OF TENDON & MUSCLE
23472,1477874337,,RECONSTRUCT SHOULDER JOINT
23515,1477874337,,TREAT CLAVICLE FRACTURE
23630,1477874337,,TREAT HUMERUS FRACTURE
24075,1477874337,,EXC ARM/ELBOW LES SC < 3 CM
24515,1477874337,,TREAT HUMERUS FRACTURE
24538,1477874337,,TREAT HUMERUS FRACTURE
25000,1477874337,,INCISION OF TENDON SHEATH
25111,1477874337,,REMOVE WRIST TENDON LESION
25120,1477874337,,REMOVAL OF FOREARM LESION
25246,1477874337,,INJECTION FOR WRIST X-RAY
25400,1477874337,,REPAIR RADIUS OR ULNA
25515,1477874337,,TREAT FRACTURE OF RADIUS
25565,1477874337,,TREAT FRACTURE RADIUS & ULNA
25575,1477874337,,TREAT FRACTURE RADIUS/ULNA
25605,1477874337,,TREAT FRACTURE RADIUS/ULNA
25607,1477874337,,TREAT FX RAD EXTRA-ARTICUL
25608,1477874337,,TREAT FX RAD INTRA-ARTICUL
25609,1477874337,,TREAT FX RADIAL 3+ FRAG
26010,1477874337,,DRAINAGE OF FINGER ABSCESS
26055,1477874337,,INCISE FINGER TENDON SHEATH
26530,1477874337,,REVISE KNUCKLE JOINT
26535,1477874337,,REVISE FINGER JOINT
26735,1477874337,,TREAT FINGER FRACTURE EACH
26746,1477874337,,TREAT FINGER FRACTURE EACH
26765,1477874337,,TREAT FINGER FRACTURE EACH
26860,1477874337,,FUSION OF FINGER JOINT
26951,1477874337,,AMPUTATION OF FINGER/THUMB
26952,1477874337,,AMPUTATION OF FINGER/THUMB
27093,1477874337,,INJECTION FOR HIP X-RAY
27096,1477874337,,INJECT SACROILIAC JOINT
27130,1477874337,,TOTAL HIP ARTHROPLASTY
27299,1477874337,,PELVIS/HIP JOINT SURGERY
27337,1477874337,,EXC THIGH/KNEE LES SC 3 CM/>
27339,1477874337,,EXC THIGH/KNEE TUM DEP 5CM/>
27446,1477874337,,REVISION OF KNEE JOINT
27447,1477874337,,TOTAL KNEE ARTHROPLASTY
27524,1477874337,,TREAT KNEECAP FRACTURE
27570,1477874337,,FIXATION OF KNEE JOINT
27650,1477874337,,REPAIR ACHILLES TENDON
27664,1477874337,,REPAIR OF LEG TENDON EACH
27698,1477874337,,REPAIR OF ANKLE LIGAMENT
27758,1477874337,,TREATMENT OF TIBIA FRACTURE
27792,1477874337,,TREATMENT OF ANKLE FRACTURE
27814,1477874337,,TREATMENT OF ANKLE FRACTURE
27822,1477874337,,TREATMENT OF ANKLE FRACTURE
27899,1477874337,,LEG/ANKLE SURGERY PROCEDURE
28045,1477874337,,EXC FOOT/TOE TUM DEEP <1.5CM
28080,1477874337,,REMOVAL OF FOOT LESION
28092,1477874337,,REMOVAL OF TOE LESIONS
28104,1477874337,,REMOVAL OF FOOT LESION
28108,1477874337,,REMOVAL OF TOE LESIONS
28110,1477874337,,PART REMOVAL OF METATARSAL
28232,1477874337,,INCISION OF TOE TENDON
28270,1477874337,,RELEASE OF FOOT CONTRACTURE
28285,1477874337,,REPAIR OF HAMMERTOE
28291,1477874337,,CORRJ HALUX RIGDUS W/IMPLT
28292,1477874337,,CORRECTION HALLUX VALGUS
28296,1477874337,,CORRECTION HALLUX VALGUS
28299,1477874337,,CORRECTION HALLUX VALGUS
28309,1477874337,,INCISION OF METATARSALS
28740,1477874337,,FUSION OF FOOT BONES
28810,1477874337,,AMPUTATION TOE & METATARSAL
29445,1477874337,,APPLY RIGID LEG CAST
29580,1477874337,,APPLICATION OF PASTE BOOT
29581,1477874337,,APPLY MULTLAY COMPRS LWR LEG
29807,1477874337,,SHOULDER ARTHROSCOPY/SURGERY
29819,1477874337,,SHOULDER ARTHROSCOPY/SURGERY
29823,1477874337,,SHOULDER ARTHROSCOPY/SURGERY
29826,1477874337,,SHOULDER ARTHROSCOPY/SURGERY
29827,1477874337,,ARTHROSCOP ROTATOR CUFF REPR
29877,1477874337,,KNEE ARTHROSCOPY/SURGERY
29880,1477874337,,KNEE ARTHROSCOPY/SURGERY
29881,1477874337,,KNEE ARTHROSCOPY/SURGERY
29883,1477874337,,KNEE ARTHROSCOPY/SURGERY
29888,1477874337,,KNEE ARTHROSCOPY/SURGERY
29892,1477874337,,ANKLE ARTHROSCOPY/SURGERY
29893,1477874337,,SCOPE PLANTAR FASCIOTOMY
30140,1477874337,,RESECT INFERIOR TURBINATE
30420,1477874337,,RECONSTRUCTION OF NOSE
30520,1477874337,,REPAIR OF NASAL SEPTUM
30620,1477874337,,INTRANASAL RECONSTRUCTION
30802,1477874337,,ABLATE INF TURBINATE SUBMUC
30930,1477874337,,THER FX NASAL INF TURBINATE
31020,1477874337,,EXPLORATION MAXILLARY SINUS
31050,1477874337,,EXPLORATION SPHENOID SINUS
31201,1477874337,,REMOVAL OF ETHMOID SINUS
31254,1477874337,,NSL/SINS NDSC W/PRTL ETHMDCT
31255,1477874337,,NSL/SINS NDSC W/TOT ETHMDCT
31256,1477874337,,EXPLORATION MAXILLARY SINUS
31267,1477874337,,ENDOSCOPY MAXILLARY SINUS
31276,1477874337,,NSL/SINS NDSC FRNT TISS RMVL
31287,1477874337,,NASAL/SINUS ENDOSCOPY SURG
31536,1477874337,,LARYNGOSCOPY W/BX & OP SCOPE
31599,1477874337,,LARYNX SURGERY PROCEDURE
31622,1477874337,,DX BRONCHOSCOPE/WASH
31623,1477874337,,DX BRONCHOSCOPE/BRUSH
31624,1477874337,,DX BRONCHOSCOPE/LAVAGE
31625,1477874337,,BRONCHOSCOPY W/BIOPSY(S)
31627,1477874337,,NAVIGATIONAL BRONCHOSCOPY
31628,1477874337,,BRONCHOSCOPY/LUNG BX EACH
31629,1477874337,,BRONCHOSCOPY/NEEDLE BX EACH
32405,1477874337,,PERCUT BX LUNG/MEDIASTINUM
32555,1477874337,,ASPIRATE PLEURA W/ IMAGING
32601,1477874337,,THORACOSCOPY DIAGNOSTIC
33208,1477874337,,INSRT HEART PM ATRIAL & VENT
33249,1477874337,,INSJ/RPLCMT DEFIB W/LEAD(S)
33263,1477874337,,RMVL & RPLCMT DFB GEN 2 LEAD
33264,1477874337,,RMVL & RPLCMT DFB GEN MLT LD
33285,1477874337,,INSJ SUBQ CAR RHYTHM MNTR
36245,1477874337,,INS CATH ABD/L-EXT ART 1ST
36246,1477874337,,INS CATH ABD/L-EXT ART 2ND
36252,1477874337,,INS CATH REN ART 1ST BILAT
"36415,1",1477874337,,ROUTINE VENIPUNCTURE
36430,1477874337,,BLOOD TRANSFUSION SERVICE
36475,1477874337,,ENDOVENOUS RF 1ST VEIN
36558,1477874337,,INSERT TUNNELED CV CATH
36561,1477874337,,INSERT TUNNELED CV CATH
36569,1477874337,,INSJ PICC 5 YR+ W/O IMAGING
36571,1477874337,,INSERT PICVAD CATH
36581,1477874337,,REPLACE TUNNELED CV CATH
36589,1477874337,,REMOVAL TUNNELED CV CATH
36590,1477874337,,REMOVAL TUNNELED CV CATH
36597,1477874337,,REPOSITION VENOUS CATHETER
36600,1477874337,,WITHDRAWAL OF ARTERIAL BLOOD
36818,1477874337,,AV FUSE UPPR ARM CEPHALIC
36819,1477874337,,AV FUSE UPPR ARM BASILIC
36820,1477874337,,AV FUSION/FOREARM VEIN
36821,1477874337,,AV FUSION DIRECT ANY SITE
36830,1477874337,,ARTERY-VEIN NONAUTOGRAFT
36832,1477874337,,AV FISTULA REVISION OPEN
36833,1477874337,,AV FISTULA REVISION
37193,1477874337,,REM ENDOVAS VENA CAVA FILTER
37215,1477874337,,TRANSCATH STENT CCA W/EPS
37220,1477874337,,ILIAC REVASC
37221,1477874337,,ILIAC REVASC W/STENT
37224,1477874337,,FEM/POPL REVAS W/TLA
37226,1477874337,,FEM/POPL REVASC W/STENT
37227,1477874337,,FEM/POPL REVASC STNT & ATHER
37236,1477874337,,OPEN/PERQ PLACE STENT 1ST
37238,1477874337,,OPEN/PERQ PLACE STENT SAME
37252,1477874337,,INTRVASC US NONCORONARY 1ST
37609,1477874337,,TEMPORAL ARTERY PROCEDURE
38221,1477874337,,DX BONE MARROW BIOPSIES
38505,1477874337,,NEEDLE BIOPSY LYMPH NODES
38510,1477874337,,BIOPSY/REMOVAL LYMPH NODES
38525,1477874337,,BIOPSY/REMOVAL LYMPH NODES
38724,1477874337,,REMOVAL OF LYMPH NODES NECK
40800,1477874337,,DRAINAGE OF MOUTH LESION
42415,1477874337,,EXCISE PAROTID GLAND/LESION
42820,1477874337,,REMOVE TONSILS AND ADENOIDS
42821,1477874337,,REMOVE TONSILS AND ADENOIDS
42826,1477874337,,REMOVAL OF TONSILS
43227,1477874337,,ESOPHAGOSCOPY CONTROL BLEED
43235,1477874337,,EGD DIAGNOSTIC BRUSH WASH
43239,1477874337,,EGD BIOPSY SINGLE/MULTIPLE
43244,1477874337,,EGD VARICES LIGATION
43245,1477874337,,EGD DILATE STRICTURE
43247,1477874337,,EGD REMOVE FOREIGN BODY
43248,1477874337,,EGD GUIDE WIRE INSERTION
43249,1477874337,,ESOPH EGD DILATION <30 MM
43251,1477874337,,EGD REMOVE LESION SNARE
43255,1477874337,,EGD CONTROL BLEEDING ANY
43262,1477874337,,ENDO CHOLANGIOPANCREATOGRAPH
43264,1477874337,,ERCP REMOVE DUCT CALCULI
43280,1477874337,,LAPAROSCOPY FUNDOPLASTY
43281,1477874337,,LAP PARAESOPHAG HERN REPAIR
43282,1477874337,,LAP PARAESOPH HER RPR W/MESH
43774,1477874337,,LAP RMVL GASTR ADJ ALL PARTS
44204,1477874337,,LAPARO PARTIAL COLECTOMY
44388,1477874337,,COLONOSCOPY THRU STOMA SPX
44820,1477874337,,EXCISION OF MESENTERY LESION
44955,1477874337,,APPENDECTOMY ADD-ON
44970,1477874337,,LAPAROSCOPY APPENDECTOMY
45330,1477874337,,DIAGNOSTIC SIGMOIDOSCOPY
45331,1477874337,,SIGMOIDOSCOPY AND BIOPSY
45335,1477874337,,SIGMOIDOSCOPY W/SUBMUC INJ
45338,1477874337,,SIGMOIDOSCOPY W/TUMR REMOVE
45378,1477874337,,DIAGNOSTIC COLONOSCOPY
45380,1477874337,,COLONOSCOPY AND BIOPSY
45381,1477874337,,COLONOSCOPY SUBMUCOUS NJX
45382,1477874337,,COLONOSCOPY W/CONTROL BLEED
45384,1477874337,,COLONOSCOPY W/LESION REMOVAL
45385,1477874337,,COLONOSCOPY W/LESION REMOVAL
45386,1477874337,,COLONOSCOPY W/BALLOON DILAT
45560,1477874337,,REPAIR OF RECTOCELE
46020,1477874337,,PLACEMENT OF SETON
46080,1477874337,,INCISION OF ANAL SPHINCTER
46250,1477874337,,REMOVE EXT HEM GROUPS 2+
46255,1477874337,,REMOVE INT/EXT HEM 1 GROUP
46260,1477874337,,REMOVE IN/EX HEM GROUPS 2+
46270,1477874337,,REMOVE ANAL FIST SUBQ
46275,1477874337,,REMOVE ANAL FIST INTER
46320,1477874337,,REMOVAL OF HEMORRHOID CLOT
46922,1477874337,,EXCISION OF ANAL LESION(S)
46947,1477874337,,HEMORRHOIDOPEXY BY STAPLING
47000,1477874337,,NEEDLE BIOPSY OF LIVER
47100,1477874337,,WEDGE BIOPSY OF LIVER
47531,1477874337,,INJECTION FOR CHOLANGIOGRAM
47562,1477874337,,LAPAROSCOPIC CHOLECYSTECTOMY
47563,1477874337,,LAPARO CHOLECYSTECTOMY/GRAPH
47605,1477874337,,REMOVAL OF GALLBLADDER
49083,1477874337,,ABD PARACENTESIS W/IMAGING
49180,1477874337,,BIOPSY ABDOMINAL MASS
49203,1477874337,,EXC ABD TUM 5 CM OR LESS
49320,1477874337,,DIAG LAPARO SEPARATE PROC
49321,1477874337,,LAPAROSCOPY BIOPSY
49322,1477874337,,LAPAROSCOPY ASPIRATION
49324,1477874337,,LAP INSERT TUNNEL IP CATH
49505,1477874337,,PRP I/HERN INIT REDUC >5 YR
49507,1477874337,,PRP I/HERN INIT BLOCK >5 YR
49560,1477874337,,RPR VENTRAL HERN INIT REDUC
49561,1477874337,,RPR VENTRAL HERN INIT BLOCK
49568,1477874337,,HERNIA REPAIR W/MESH
49585,1477874337,,RPR UMBIL HERN REDUC > 5 YR
49650,1477874337,,LAP ING HERNIA REPAIR INIT
49651,1477874337,,LAP ING HERNIA REPAIR RECUR
49652,1477874337,,LAP VENT/ABD HERNIA REPAIR
49653,1477874337,,LAP VENT/ABD HERN PROC COMP
49654,1477874337,,LAP INC HERNIA REPAIR
49656,1477874337,,LAP INC HERNIA REPAIR RECUR
49999,1477874337,,ABDOMEN SURGERY PROCEDURE
50200,1477874337,,RENAL BIOPSY PERQ
50590,1477874337,,FRAGMENTING OF KIDNEY STONE
50620,1477874337,,REMOVAL OF URETER STONE
51102,1477874337,,DRAIN BL W/CATH INSERTION
51600,1477874337,,INJECTION FOR BLADDER X-RAY
52000,1477874337,,CYSTOSCOPY
52005,1477874337,,CYSTOSCOPY & URETER CATHETER
52204,1477874337,,CYSTOSCOPY W/BIOPSY(S)
52214,1477874337,,CYSTOSCOPY AND TREATMENT
52234,1477874337,,CYSTOSCOPY AND TREATMENT
52235,1477874337,,CYSTOSCOPY AND TREATMENT
52260,1477874337,,CYSTOSCOPY AND TREATMENT
52276,1477874337,,CYSTOSCOPY AND TREATMENT
52281,1477874337,,CYSTOSCOPY AND TREATMENT
52317,1477874337,,REMOVE BLADDER STONE
52318,1477874337,,REMOVE BLADDER STONE
52320,1477874337,,CYSTOSCOPY AND TREATMENT
52325,1477874337,,CYSTOSCOPY STONE REMOVAL
52332,1477874337,,CYSTOSCOPY AND TREATMENT
52344,1477874337,,CYSTO/URETERO STRICTURE TX
52351,1477874337,,CYSTOURETERO & OR PYELOSCOPE
52352,1477874337,,CYSTOURETERO W/STONE REMOVE
52353,1477874337,,CYSTOURETERO W/LITHOTRIPSY
52356,1477874337,,CYSTO/URETERO W/LITHOTRIPSY
52601,1477874337,,PROSTATECTOMY (TURP)
52648,1477874337,,LASER SURGERY OF PROSTATE
53450,1477874337,,REVISION OF URETHRA
54150,1477874337,,CIRCUMCISION W/REGIONL BLOCK
54161,1477874337,,CIRCUM 28 DAYS OR OLDER
54410,1477874337,,REMOVE/REPLACE PENIS PROSTH
54505,1477874337,,BIOPSY OF TESTIS
54530,1477874337,,REMOVAL OF TESTIS
54640,1477874337,,ORCHIOPEXY INGUN/SCROT APPR
54860,1477874337,,REMOVAL OF EPIDIDYMIS
55040,1477874337,,REMOVAL OF HYDROCELE
55250,1477874337,,REMOVAL OF SPERM DUCT(S)
55500,1477874337,,REMOVAL OF HYDROCELE
55520,1477874337,,REMOVAL OF SPERM CORD LESION
55530,1477874337,,REVISE SPERMATIC CORD VEINS
55700,1477874337,,BIOPSY OF PROSTATE
55876,1477874337,,PLACE RT DEVICE/MARKER PROS
56405,1477874337,,I & D OF VULVA/PERINEUM
56440,1477874337,,SURGERY FOR VULVA LESION
56442,1477874337,,HYMENOTOMY
56620,1477874337,,PARTIAL REMOVAL OF VULVA
57135,1477874337,,REMOVE VAGINA LESION
57240,1477874337,,ANTERIOR COLPORRHAPHY
57260,1477874337,,CMBN ANT PST COLPRHY
57267,1477874337,,INSERT MESH/PELVIC FLR ADDON
57283,1477874337,,COLPOPEXY INTRAPERITONEAL
57288,1477874337,,REPAIR BLADDER DEFECT
57460,1477874337,,BX OF CERVIX W/SCOPE LEEP
57520,1477874337,,CONIZATION OF CERVIX
57522,1477874337,,CONIZATION OF CERVIX
58150,1477874337,,TOTAL HYSTERECTOMY
58262,1477874337,,VAG HYST INCLUDING T/O
58267,1477874337,,VAG HYST W/URINARY REPAIR
58300,1477874337,,INSERT INTRAUTERINE DEVICE
58301,1477874337,,REMOVE INTRAUTERINE DEVICE
58340,1477874337,,CATHETER FOR HYSTEROGRAPHY
58350,1477874337,,REOPEN FALLOPIAN TUBE
58353,1477874337,,ENDOMETR ABLATE THERMAL
58550,1477874337,,LAPARO-ASST VAG HYSTERECTOMY
58552,1477874337,,LAPARO-VAG HYST INCL T/O
58554,1477874337,,LAPARO-VAG HYST W/T/O COMPL
58555,1477874337,,HYSTEROSCOPY DX SEP PROC
58558,1477874337,,HYSTEROSCOPY BIOPSY
58561,1477874337,,HYSTEROSCOPY REMOVE MYOMA
58562,1477874337,,HYSTEROSCOPY REMOVE FB
58563,1477874337,,HYSTEROSCOPY ABLATION
58570,1477874337,,TLH UTERUS 250 G OR LESS
58571,1477874337,,TLH W/T/O 250 G OR LESS
58660,1477874337,,LAPAROSCOPY LYSIS
58661,1477874337,,LAPAROSCOPY REMOVE ADNEXA
58662,1477874337,,LAPAROSCOPY EXCISE LESIONS
58670,1477874337,,LAPAROSCOPY TUBAL CAUTERY
58671,1477874337,,LAPAROSCOPY TUBAL BLOCK
58720,1477874337,,REMOVAL OF OVARY/TUBE(S)
58925,1477874337,,REMOVAL OF OVARIAN CYST(S)
59025,1477874337,,FETAL NON-STRESS TEST
59151,1477874337,,TREAT ECTOPIC PREGNANCY
59320,1477874337,,REVISION OF CERVIX
59812,1477874337,,TREATMENT OF MISCARRIAGE
59820,1477874337,,CARE OF MISCARRIAGE
60100,1477874337,,BIOPSY OF THYROID
60210,1477874337,,PARTIAL THYROID EXCISION
60220,1477874337,,PARTIAL REMOVAL OF THYROID
60225,1477874337,,PARTIAL REMOVAL OF THYROID
60240,1477874337,,REMOVAL OF THYROID
60500,1477874337,,EXPLORE PARATHYROID GLANDS
62270,1477874337,,DX LMBR SPI PNXR
62322,1477874337,,NJX INTERLAMINAR LMBR/SAC
62323,1477874337,,NJX INTERLAMINAR LMBR/SAC
63020,1477874337,,NECK SPINE DISK SURGERY
63030,1477874337,,LOW BACK DISK SURGERY
63035,1477874337,,SPINAL DISK SURGERY ADD-ON
63042,1477874337,,LAMINOTOMY SINGLE LUMBAR
63045,1477874337,,REMOVE SPINE LAMINA 1 CRVL
63047,1477874337,,REMOVE SPINE LAMINA 1 LMBR
63048,1477874337,,REMOVE SPINAL LAMINA ADD-ON
63267,1477874337,,EXCISE INTRSPINL LESION LMBR
64483,1477874337,,INJ FORAMEN EPIDURAL L/S
64484,1477874337,,INJ FORAMEN EPIDURAL ADD-ON
64486,1477874337,,TAP BLOCK UNIL BY INJECTION
64493,1477874337,,INJ PARAVERT F JNT L/S 1 LEV
64495,1477874337,,INJ PARAVERT F JNT L/S 3 LEV
64704,1477874337,,REVISE HAND/FOOT NERVE
64708,1477874337,,REVISE ARM/LEG NERVE
64718,1477874337,,REVISE ULNAR NERVE AT ELBOW
64719,1477874337,,REVISE ULNAR NERVE AT WRIST
64721,1477874337,,CARPAL TUNNEL SURGERY
69205,1477874337,,CLEAR OUTER EAR CANAL
69436,1477874337,,CREATE EARDRUM OPENING
69620,1477874337,,REPAIR OF EARDRUM
69631,1477874337,,REPAIR EARDRUM STRUCTURES
69632,1477874337,,REBUILD EARDRUM STRUCTURES
70110,1477874337,,X-RAY EXAM OF JAW 4/> VIEWS
70160,1477874337,,X-RAY EXAM OF NASAL BONES
70220,1477874337,,X-RAY EXAM OF SINUSES
70360,1477874337,,X-RAY EXAM OF NECK
70450,1477874337,,CT HEAD/BRAIN W/O DYE
70460,1477874337,,CT HEAD/BRAIN W/DYE
70470,1477874337,,CT HEAD/BRAIN W/O & W/DYE
70480,1477874337,,CT ORBIT/EAR/FOSSA W/O DYE
70481,1477874337,,CT ORBIT/EAR/FOSSA W/DYE
70482,1477874337,,CT ORBIT/EAR/FOSSA W/O&W/DYE
70486,1477874337,,CT MAXILLOFACIAL W/O DYE
70487,1477874337,,CT MAXILLOFACIAL W/DYE
70488,1477874337,,CT MAXILLOFACIAL W/O & W/DYE
70490,1477874337,,CT SOFT TISSUE NECK W/O DYE
70491,1477874337,,CT SOFT TISSUE NECK W/DYE
70492,1477874337,,CT SFT TSUE NCK W/O & W/DYE
70496,1477874337,,CT ANGIOGRAPHY HEAD
70498,1477874337,,CT ANGIOGRAPHY NECK
70543,1477874337,,MRI ORBT/FAC/NCK W/O &W/DYE
70544,1477874337,,MR ANGIOGRAPHY HEAD W/O DYE
70547,1477874337,,MR ANGIOGRAPHY NECK W/O DYE
70551,1477874337,,MRI BRAIN STEM W/O DYE
70552,1477874337,,MRI BRAIN STEM W/DYE
70553,1477874337,,MRI BRAIN STEM W/O & W/DYE
71045,1477874337,,X-RAY EXAM CHEST 1 VIEW
71046,1477874337,,X-RAY EXAM CHEST 2 VIEWS
71100,1477874337,,X-RAY EXAM RIBS UNI 2 VIEWS
71101,1477874337,,X-RAY EXAM UNILAT RIBS/CHEST
71111,1477874337,,X-RAY EXAM RIBS/CHEST4/> VWS
71250,1477874337,,CT THORAX W/O DYE
71260,1477874337,,CT THORAX W/DYE
71270,1477874337,,CT THORAX W/O & W/DYE
71275,1477874337,,CT ANGIOGRAPHY CHEST
71550,1477874337,,MRI CHEST W/O DYE
72040,1477874337,,X-RAY EXAM NECK SPINE 2-3 VW
72070,1477874337,,X-RAY EXAM THORAC SPINE 2VWS
72072,1477874337,,X-RAY EXAM THORAC SPINE 3VWS
72082,1477874337,,X-RAY EXAM ENTIRE SPI 2/3 VW
72100,1477874337,,X-RAY EXAM L-S SPINE 2/3 VWS
72110,1477874337,,X-RAY EXAM L-2 SPINE 4/>VWS
72125,1477874337,,CT NECK SPINE W/O DYE
72126,1477874337,,CT NECK SPINE W/DYE
72128,1477874337,,CT CHEST SPINE W/O DYE
72129,1477874337,,CT CHEST SPINE W/DYE
72130,1477874337,,CT CHEST SPINE W/O & W/DYE
72131,1477874337,,CT LUMBAR SPINE W/O DYE
72132,1477874337,,CT LUMBAR SPINE W/DYE
72141,1477874337,,MRI NECK SPINE W/O DYE
72146,1477874337,,MRI CHEST SPINE W/O DYE
72148,1477874337,,MRI LUMBAR SPINE W/O DYE
72156,1477874337,,MRI NECK SPINE W/O & W/DYE
72157,1477874337,,MRI CHEST SPINE W/O & W/DYE
72158,1477874337,,MRI LUMBAR SPINE W/O & W/DYE
72170,1477874337,,X-RAY EXAM OF PELVIS
72192,1477874337,,CT PELVIS W/O DYE
72193,1477874337,,CT PELVIS W/DYE
72195,1477874337,,MRI PELVIS W/O DYE
72197,1477874337,,MRI PELVIS W/O & W/DYE
72200,1477874337,,X-RAY EXAM SI JOINTS
72220,1477874337,,X-RAY EXAM SACRUM TAILBONE
72240,1477874337,,MYELOGRAPHY NECK SPINE
72265,1477874337,,MYELOGRAPHY L-S SPINE
73000,1477874337,,X-RAY EXAM OF COLLAR BONE
73010,1477874337,,X-RAY EXAM OF SHOULDER BLADE
73030,1477874337,,X-RAY EXAM OF SHOULDER
73040,1477874337,,CONTRAST X-RAY OF SHOULDER
73060,1477874337,,X-RAY EXAM OF HUMERUS
73070,1477874337,,X-RAY EXAM OF ELBOW
73080,1477874337,,X-RAY EXAM OF ELBOW
73085,1477874337,,CONTRAST X-RAY OF ELBOW
73090,1477874337,,X-RAY EXAM OF FOREARM
73110,1477874337,,X-RAY EXAM OF WRIST
73115,1477874337,,CONTRAST X-RAY OF WRIST
73120,1477874337,,X-RAY EXAM OF HAND
73130,1477874337,,X-RAY EXAM OF HAND
73140,1477874337,,X-RAY EXAM OF FINGER(S)
73200,1477874337,,CT UPPER EXTREMITY W/O DYE
73201,1477874337,,CT UPPER EXTREMITY W/DYE
73206,1477874337,,CT ANGIO UPR EXTRM W/O&W/DYE
73218,1477874337,,MRI UPPER EXTREMITY W/O DYE
73219,1477874337,,MRI UPPER EXTREMITY W/DYE
73220,1477874337,,MRI UPPR EXTREMITY W/O&W/DYE
73221,1477874337,,MRI JOINT UPR EXTREM W/O DYE
73222,1477874337,,MRI JOINT UPR EXTREM W/DYE
73223,1477874337,,MRI JOINT UPR EXTR W/O&W/DYE
73502,1477874337,,X-RAY EXAM HIP UNI 2-3 VIEWS
73521,1477874337,,X-RAY EXAM HIPS BI 2 VIEWS
73525,1477874337,,CONTRAST X-RAY OF HIP
73552,1477874337,,X-RAY EXAM OF FEMUR 2/>
73560,1477874337,,X-RAY EXAM OF KNEE 1 OR 2
73562,1477874337,,X-RAY EXAM OF KNEE 3
73590,1477874337,,X-RAY EXAM OF LOWER LEG
73610,1477874337,,X-RAY EXAM OF ANKLE
73620,1477874337,,X-RAY EXAM OF FOOT
73630,1477874337,,X-RAY EXAM OF FOOT
73650,1477874337,,X-RAY EXAM OF HEEL
73700,1477874337,,CT LOWER EXTREMITY W/O DYE
73701,1477874337,,CT LOWER EXTREMITY W/DYE
73706,1477874337,,CT ANGIO LWR EXTR W/O&W/DYE
73718,1477874337,,MRI LOWER EXTREMITY W/O DYE
73719,1477874337,,MRI LOWER EXTREMITY W/DYE
73720,1477874337,,MRI LWR EXTREMITY W/O&W/DYE
73721,1477874337,,MRI JNT OF LWR EXTRE W/O DYE
73722,1477874337,,MRI JOINT OF LWR EXTR W/DYE
73723,1477874337,,MRI JOINT LWR EXTR W/O&W/DYE
74018,1477874337,,X-RAY EXAM ABDOMEN 1 VIEW
74019,1477874337,,X-RAY EXAM ABDOMEN 2 VIEWS
74021,1477874337,,X-RAY EXAM ABDOMEN 3+ VIEWS
74150,1477874337,,CT ABDOMEN W/O DYE
74160,1477874337,,CT ABDOMEN W/DYE
74170,1477874337,,CT ABDOMEN W/O & W/DYE
74174,1477874337,,CT ANGIO ABD&PELV W/O&W/DYE
74175,1477874337,,CT ANGIO ABDOM W/O & W/DYE
74176,1477874337,,CT ABD & PELVIS W/O CONTRAST
74177,1477874337,,CT ABD & PELV W/CONTRAST
74178,1477874337,,CT ABD & PELV 1/> REGNS
74181,1477874337,,MRI ABDOMEN W/O DYE
74183,1477874337,,MRI ABDOMEN W/O & W/DYE
74220,1477874337,,X-RAY XM ESOPHAGUS 1CNTRST
74221,1477874337,,X-RAY XM ESOPHAGUS 2CNTRST
74230,1477874337,,X-RAY XM SWLNG FUNCJ C+
74240,1477874337,,X-RAY XM UPR GI TRC 1CNTRST
74248,1477874337,,X-RAY SM INT F-THRU STD
74250,1477874337,,X-RAY XM SM INT 1CNTRST STD
74261,1477874337,,CT COLONOGRAPHY DX
74270,1477874337,,X-RAY XM COLON 1CNTRST STD
74300,1477874337,,X-RAY BILE DUCTS/PANCREAS
74420,1477874337,,CONTRST X-RAY URINARY TRACT
74430,1477874337,,CONTRAST X-RAY BLADDER
74455,1477874337,,X-RAY URETHRA/BLADDER
74740,1477874337,,X-RAY FEMALE GENITAL TRACT
75574,1477874337,,CT ANGIO HRT W/3D IMAGE
75625,1477874337,,CONTRAST EXAM ABDOMINL AORTA
75635,1477874337,,CT ANGIO ABDOMINAL ARTERIES
75710,1477874337,,ARTERY X-RAYS ARM/LEG
75716,1477874337,,ARTERY X-RAYS ARMS/LEGS
75726,1477874337,,ARTERY X-RAYS ABDOMEN
75809,1477874337,,NONVASCULAR SHUNT X-RAY
75825,1477874337,,VEIN X-RAY TRUNK
75989,1477874337,,ABSCESS DRAINAGE UNDER X-RAY
76000,1477874337,,FLUOROSCOPY <1 HR PHYS/QHP
76098,1477874337,,X-RAY EXAM SURGICAL SPECIMEN
76377,1477874337,,3D RENDER W/INTRP POSTPROCES
76380,1477874337,,CAT SCAN FOLLOW-UP STUDY
76506,1477874337,,ECHO EXAM OF HEAD
76536,1477874337,,US EXAM OF HEAD AND NECK
76604,1477874337,,US EXAM CHEST
76641,1477874337,,ULTRASOUND BREAST COMPLETE
76642,1477874337,,ULTRASOUND BREAST LIMITED
76700,1477874337,,US EXAM ABDOM COMPLETE
76705,1477874337,,ECHO EXAM OF ABDOMEN
76706,1477874337,,US ABDL AORTA SCREEN AAA
76770,1477874337,,US EXAM ABDO BACK WALL COMP
76775,1477874337,,US EXAM ABDO BACK WALL LIM
76815,1477874337,,OB US LIMITED FETUS(S)
76830,1477874337,,TRANSVAGINAL US NON-OB
76856,1477874337,,US EXAM PELVIC COMPLETE
76857,1477874337,,US EXAM PELVIC LIMITED
76870,1477874337,,US EXAM SCROTUM
76872,1477874337,,US TRANSRECTAL
76881,1477874337,,US COMPL JOINT R-T W/IMG
76882,1477874337,,US LMTD JT/NONVASC XTR STRUX
76886,1477874337,,US EXAM INFANT HIPS STATIC
76942,1477874337,,ECHO GUIDE FOR BIOPSY
77001,1477874337,,FLUOROGUIDE FOR VEIN DEVICE
77003,1477874337,,FLUOROGUIDE FOR SPINE INJECT
77012,1477874337,,CT SCAN FOR NEEDLE BIOPSY
77047,1477874337,,MRI BREAST C- BILATERAL
77048,1477874337,,MRI BREAST C-+ W/CAD UNI
77049,1477874337,,MRI BREAST C-+ W/CAD BI
77061,1477874337,,BREAST TOMOSYNTHESIS UNI
77062,1477874337,,BREAST TOMOSYNTHESIS BI
77063,1477874337,,BREAST TOMOSYNTHESIS BI
77065,1477874337,,DX MAMMO INCL CAD UNI
77066,1477874337,,DX MAMMO INCL CAD BI
77067,1477874337,,SCR MAMMO BI INCL CAD
77072,1477874337,,X-RAYS FOR BONE AGE
77075,1477874337,,X-RAYS BONE SURVEY COMPLETE
77080,1477874337,,DXA BONE DENSITY AXIAL
78013,1477874337,,THYROID IMAGING W/BLOOD FLOW
78014,1477874337,,THYROID IMAGING W/BLOOD FLOW
78070,1477874337,,PARATHYROID PLANAR IMAGING
78071,1477874337,,PARATHYRD PLANAR W/WO SUBTRJ
78195,1477874337,,LYMPH SYSTEM IMAGING
78226,1477874337,,HEPATOBILIARY SYSTEM IMAGING
78227,1477874337,,HEPATOBIL SYST IMAGE W/DRUG
78264,1477874337,,GASTRIC EMPTYING IMAG STUDY
78267,1477874337,,BREATH TST ATTAIN/ANAL C-14
78300,1477874337,,BONE IMAGING LIMITED AREA
78306,1477874337,,BONE IMAGING WHOLE BODY
78315,1477874337,,BONE IMAGING 3 PHASE
78451,1477874337,,HT MUSCLE IMAGE SPECT SING
78452,1477874337,,HT MUSCLE IMAGE SPECT MULT
78472,1477874337,,GATED HEART PLANAR SINGLE
78707,1477874337,,K FLOW/FUNCT IMAGE W/O DRUG
78708,1477874337,,K FLOW/FUNCT IMAGE W/DRUG
78800,1477874337,,RP LOCLZJ TUM 1 AREA 1 D IMG
78801,1477874337,,RP LOCLZJ TUM 2+AREA 1+D IMG
78803,1477874337,,RP LOCLZJ TUM SPECT 1 AREA
78804,1477874337,,RP LOCLZJ TUM WHBDY 2+D IMG
78815,1477874337,,PET IMAGE W/CT SKULL-THIGH
78816,1477874337,,PET IMAGE W/CT FULL BODY
79005,1477874337,,NUCLEAR RX ORAL ADMIN
"80048,1",1477874337,,METABOLIC PANEL TOTAL CA
"80053,1",1477874337,,COMPREHEN METABOLIC PANEL
"80061,1",1477874337,,LIPID PANEL
80069,1477874337,,RENAL FUNCTION PANEL
"80076,1",1477874337,,HEPATIC FUNCTION PANEL
80150,1477874337,,ASSAY OF AMIKACIN
80158,1477874337,,DRUG ASSAY CYCLOSPORINE
"80164,1",1477874337,,ASSAY DIPROPYLACETIC ACD TOT
80170,1477874337,,ASSAY OF GENTAMICIN
"80178,1",1477874337,,ASSAY OF LITHIUM
80195,1477874337,,ASSAY OF SIROLIMUS
"80197,1",1477874337,,ASSAY OF TACROLIMUS
"80202,1",1477874337,,ASSAY OF VANCOMYCIN
"80299,1",1477874337,,QUANTITATIVE ASSAY DRUG
80306,1477874337,,DRUG TEST PRSMV INSTRMNT
"80307,1",1477874337,,DRUG TEST PRSMV CHEM ANLYZR
"81001,1",1477874337,,URINALYSIS AUTO W/SCOPE
"81003,1",1477874337,,URINALYSIS AUTO W/O SCOPE
81025,1477874337,,URINE PREGNANCY TEST
81240,1477874337,,F2 GENE
81241,1477874337,,F5 GENE
81256,1477874337,,HFE GENE
"81511,1",1477874337,,FTL CGEN ABNOR FOUR ANAL
82040,1477874337,,ASSAY OF SERUM ALBUMIN
"82043,1",1477874337,,UR ALBUMIN QUANTITATIVE
"82085,1",1477874337,,ASSAY OF ALDOLASE
82088,1477874337,,ASSAY OF ALDOSTERONE
"82103,1",1477874337,,ALPHA-1-ANTITRYPSIN TOTAL
"82105,1",1477874337,,ALPHA-FETOPROTEIN SERUM
"82140,1",1477874337,,ASSAY OF AMMONIA
"82150,1",1477874337,,ASSAY OF AMYLASE
82175,1477874337,,ASSAY OF ARSENIC
82239,1477874337,,BILE ACIDS TOTAL
82247,1477874337,,BILIRUBIN TOTAL
82248,1477874337,,BILIRUBIN DIRECT
"82272,1",1477874337,,OCCULT BLD FECES 1-3 TESTS
82300,1477874337,,ASSAY OF CADMIUM
"82306,1",1477874337,,VITAMIN D 25 HYDROXY
"82310,1",1477874337,,ASSAY OF CALCIUM
82330,1477874337,,ASSAY OF CALCIUM
"82365,1",1477874337,,CALCULUS SPECTROSCOPY
82378,1477874337,,CARCINOEMBRYONIC ANTIGEN
82384,1477874337,,ASSAY THREE CATECHOLAMINES
82390,1477874337,,ASSAY OF CERULOPLASMIN
"82465,1",1477874337,,ASSAY BLD/SERUM CHOLESTEROL
"82533,1",1477874337,,TOTAL CORTISOL
82542,1477874337,,COL CHROMOTOGRAPHY QUAL/QUAN
"82550,1",1477874337,,ASSAY OF CK (CPK)
82553,1477874337,,CREATINE MB FRACTION
82565,1477874337,,ASSAY OF CREATININE
"82570,1",1477874337,,ASSAY OF URINE CREATININE
"82575,1",1477874337,,CREATININE CLEARANCE TEST
"82607,1",1477874337,,VITAMIN B-12
"82626,1",1477874337,,DEHYDROEPIANDROSTERONE
"82627,1",1477874337,,DEHYDROEPIANDROSTERONE
82652,1477874337,,VIT D 1 25-DIHYDROXY
82656,1477874337,,PANCREATIC ELASTASE FECAL
"82670,1",1477874337,,ASSAY OF ESTRADIOL
"82672,1",1477874337,,ASSAY OF ESTROGEN
82677,1477874337,,ASSAY OF ESTRIOL
82705,1477874337,,FATS/LIPIDS FECES QUAL
"82728,1",1477874337,,ASSAY OF FERRITIN
82731,1477874337,,ASSAY OF FETAL FIBRONECTIN
"82746,1",1477874337,,ASSAY OF FOLIC ACID SERUM
"82784,1",1477874337,,ASSAY IGA/IGD/IGG/IGM EACH
82785,1477874337,,ASSAY OF IGE
82787,1477874337,,IGG 1 2 3 OR 4 EACH
82800,1477874337,,BLOOD PH
82803,1477874337,,BLOOD GASES ANY COMBINATION
82947,1477874337,,ASSAY GLUCOSE BLOOD QUANT
"82950,1",1477874337,,GLUCOSE TEST
"82951,1",1477874337,,GLUCOSE TOLERANCE TEST (GTT)
"82952,1",1477874337,,GTT-ADDED SAMPLES
82962,1477874337,,GLUCOSE BLOOD TEST
"82977,1",1477874337,,ASSAY OF GGT
"83001,1",1477874337,,ASSAY OF GONADOTROPIN (FSH)
"83002,1",1477874337,,ASSAY OF GONADOTROPIN (LH)
83010,1477874337,,ASSAY OF HAPTOGLOBIN QUANT
83013,1477874337,,H PYLORI (C-13) BREATH
83021,1477874337,,HEMOGLOBIN CHROMOTOGRAPHY
"83036,1",1477874337,,GLYCOSYLATED HEMOGLOBIN TEST
83090,1477874337,,ASSAY OF HOMOCYSTINE
83491,1477874337,,ASSAY OF CORTICOSTEROIDS 17
"83516,1",1477874337,,IMMUNOASSAY NONANTIBODY
83519,1477874337,,RIA NONANTIBODY
"83520,1",1477874337,,IMMUNOASSAY QUANT NOS NONAB
"83525,1",1477874337,,ASSAY OF INSULIN
"83527,1",1477874337,,ASSAY OF INSULIN
"83540,1",1477874337,,ASSAY OF IRON
"83550,1",1477874337,,IRON BINDING TEST
83615,1477874337,,LACTATE (LD) (LDH) ENZYME
83655,1477874337,,ASSAY OF LEAD
"83690,1",1477874337,,ASSAY OF LIPASE
"83718,1",1477874337,,ASSAY OF LIPOPROTEIN
83721,1477874337,,ASSAY OF BLOOD LIPOPROTEIN
"83735,1",1477874337,,ASSAY OF MAGNESIUM
"83789,1",1477874337,,MASS SPECTROMETRY QUAL/QUAN
83825,1477874337,,ASSAY OF MERCURY
83835,1477874337,,ASSAY OF METANEPHRINES
"83880,1",1477874337,,ASSAY OF NATRIURETIC PEPTIDE
83921,1477874337,,ORGANIC ACID SINGLE QUANT
"83970,1",1477874337,,ASSAY OF PARATHORMONE
83993,1477874337,,ASSAY FOR CALPROTECTIN FECAL
"84100,1",1477874337,,ASSAY OF PHOSPHORUS
84112,1477874337,,EVAL AMNIOTIC FLUID PROTEIN
"84132,1",1477874337,,ASSAY OF SERUM POTASSIUM
"84134,1",1477874337,,ASSAY OF PREALBUMIN
84140,1477874337,,ASSAY OF PREGNENOLONE
"84144,1",1477874337,,ASSAY OF PROGESTERONE
"84146,1",1477874337,,ASSAY OF PROLACTIN
"84153,1",1477874337,,ASSAY OF PSA TOTAL
"84154,1",1477874337,,ASSAY OF PSA FREE
84155,1477874337,,ASSAY OF PROTEIN SERUM
"84156,1",1477874337,,ASSAY OF PROTEIN URINE
84157,1477874337,,ASSAY OF PROTEIN OTHER
84165,1477874337,,PROTEIN E-PHORESIS SERUM
"84166,1",1477874337,,PROTEIN E-PHORESIS/URINE/CSF
84244,1477874337,,ASSAY OF RENIN
84270,1477874337,,ASSAY OF SEX HORMONE GLOBUL
84311,1477874337,,SPECTROPHOTOMETRY
"84402,1",1477874337,,ASSAY OF FREE TESTOSTERONE
"84403,1",1477874337,,ASSAY OF TOTAL TESTOSTERONE
"84425,1",1477874337,,ASSAY OF VITAMIN B-1
84432,1477874337,,ASSAY OF THYROGLOBULIN
"84436,1",1477874337,,ASSAY OF TOTAL THYROXINE
"84439,1",1477874337,,ASSAY OF FREE THYROXINE
"84443,1",1477874337,,ASSAY THYROID STIM HORMONE
84445,1477874337,,ASSAY OF TSI GLOBULIN
"84450,1",1477874337,,TRANSFERASE (AST) (SGOT)
"84460,1",1477874337,,ALANINE AMINO (ALT) (SGPT)
84466,1477874337,,ASSAY OF TRANSFERRIN
"84478,1",1477874337,,ASSAY OF TRIGLYCERIDES
"84479,1",1477874337,,ASSAY OF THYROID (T3 OR T4)
"84480,1",1477874337,,ASSAY TRIIODOTHYRONINE (T3)
"84481,1",1477874337,,FREE ASSAY (FT-3)
84482,1477874337,,T3 REVERSE
"84484,1",1477874337,,ASSAY OF TROPONIN QUANT
84520,1477874337,,ASSAY OF UREA NITROGEN
"84550,1",1477874337,,ASSAY OF BLOOD/URIC ACID
"84630,1",1477874337,,ASSAY OF ZINC
84681,1477874337,,ASSAY OF C-PEPTIDE
"84702,1",1477874337,,CHORIONIC GONADOTROPIN TEST
84703,1477874337,,CHORIONIC GONADOTROPIN ASSAY
"85007,1",1477874337,,BL SMEAR W/DIFF WBC COUNT
"85014,1",1477874337,,HEMATOCRIT
"85018,1",1477874337,,HEMOGLOBIN
"85025,1",1477874337,,COMPLETE CBC W/AUTO DIFF WBC
"85027,1",1477874337,,COMPLETE CBC AUTOMATED
"85045,1",1477874337,,AUTOMATED RETICULOCYTE COUNT
85049,1477874337,,AUTOMATED PLATELET COUNT
85220,1477874337,,BLOOC CLOT FACTOR V TEST
85245,1477874337,,CLOT FACTOR VIII VW RISTOCTN
85246,1477874337,,CLOT FACTOR VIII VW ANTIGEN
85247,1477874337,,CLOT FACTOR VIII MULTIMETRIC
85250,1477874337,,CLOT FACTOR IX PTC/CHRSTMAS
85347,1477874337,,COAGULATION TIME ACTIVATED
"85379,1",1477874337,,FIBRIN DEGRADATION QUANT
"85576,1",1477874337,,BLOOD PLATELET AGGREGATION
"85610,1",1477874337,,PROTHROMBIN TIME
85651,1477874337,,RBC SED RATE NONAUTOMATED
"85652,1",1477874337,,RBC SED RATE AUTOMATED
"85730,1",1477874337,,THROMBOPLASTIN TIME PARTIAL
86003,1477874337,,ALLG SPEC IGE CRUDE XTRC EA
"86021,1",1477874337,,WBC ANTIBODY IDENTIFICATION
"86038,1",1477874337,,ANTINUCLEAR ANTIBODIES
"86039,1",1477874337,,ANTINUCLEAR ANTIBODIES (ANA)
"86140,1",1477874337,,C-REACTIVE PROTEIN
86141,1477874337,,C-REACTIVE PROTEIN HS
"86147,1",1477874337,,CARDIOLIPIN ANTIBODY EA IG
86160,1477874337,,COMPLEMENT ANTIGEN
"86200,1",1477874337,,CCP ANTIBODY
86215,1477874337,,DEOXYRIBONUCLEASE ANTIBODY
"86225,1",1477874337,,DNA ANTIBODY NATIVE
"86235,1",1477874337,,NUCLEAR ANTIGEN ANTIBODY
"86255,1",1477874337,,FLUORESCENT ANTIBODY SCREEN
"86256,1",1477874337,,FLUORESCENT ANTIBODY TITER
86300,1477874337,,IMMUNOASSAY TUMOR CA 15-3
86301,1477874337,,IMMUNOASSAY TUMOR CA 19-9
"86308,1",1477874337,,HETEROPHILE ANTIBODY SCREEN
86317,1477874337,,IMMUNOASSAY INFECTIOUS AGENT
86334,1477874337,,IMMUNOFIX E-PHORESIS SERUM
"86376,1",1477874337,,MICROSOMAL ANTIBODY EACH
86403,1477874337,,PARTICLE AGGLUT ANTBDY SCRN
86430,1477874337,,RHEUMATOID FACTOR TEST QUAL
86480,1477874337,,TB TEST CELL IMMUN MEASURE
"86592,1",1477874337,,SYPHILIS TEST NON-TREP QUAL
86606,1477874337,,ASPERGILLUS ANTIBODY
86611,1477874337,,BARTONELLA ANTIBODY
86612,1477874337,,BLASTOMYCES ANTIBODY
86615,1477874337,,BORDETELLA ANTIBODY
86617,1477874337,,LYME DISEASE ANTIBODY
"86618,1",1477874337,,LYME DISEASE ANTIBODY
86622,1477874337,,BRUCELLA ANTIBODY
86635,1477874337,,COCCIDIOIDES ANTIBODY
86638,1477874337,,Q FEVER ANTIBODY
"86644,1",1477874337,,CMV ANTIBODY
"86645,1",1477874337,,CMV ANTIBODY IGM
"86663,1",1477874337,,EPSTEIN-BARR ANTIBODY
"86664,1",1477874337,,EPSTEIN-BARR NUCLEAR ANTIGEN
"86665,1",1477874337,,EPSTEIN-BARR CAPSID VCA
"86666,1",1477874337,,EHRLICHIA ANTIBODY
86671,1477874337,,FUNGUS NES ANTIBODY
"86695,1",1477874337,,HERPES SIMPLEX TYPE 1 TEST
"86696,1",1477874337,,HERPES SIMPLEX TYPE 2 TEST
86698,1477874337,,HISTOPLASMA ANTIBODY
"86703,1",1477874337,,HIV-1/HIV-2 1 RESULT ANTBDY
"86704,1",1477874337,,HEP B CORE ANTIBODY TOTAL
"86706,1",1477874337,,HEP B SURFACE ANTIBODY
86707,1477874337,,HEPATITIS BE ANTIBODY
"86709,1",1477874337,,HEPATITIS A IGM ANTIBODY
86738,1477874337,,MYCOPLASMA ANTIBODY
86747,1477874337,,PARVOVIRUS ANTIBODY
"86753,1",1477874337,,PROTOZOA ANTIBODY NOS
"86757,1",1477874337,,RICKETTSIA ANTIBODY
"86762,1",1477874337,,RUBELLA ANTIBODY
"86769,1",1477874337,,"Antib, sev ac resp syn, COVID-19"
86777,1477874337,,TOXOPLASMA ANTIBODY
86778,1477874337,,TOXOPLASMA ANTIBODY IGM
86780,1477874337,,TREPONEMA PALLIDUM
"86787,1",1477874337,,VARICELLA-ZOSTER ANTIBODY
"86800,1",1477874337,,THYROGLOBULIN ANTIBODY
"86803,1",1477874337,,HEPATITIS C AB TEST
"86812,1",1477874337,,HLA TYPING A B OR C
"86850,1",1477874337,,RBC ANTIBODY SCREEN
86870,1477874337,,RBC ANTIBODY IDENTIFICATION
86880,1477874337,,COOMBS TEST DIRECT
"86900,1",1477874337,,BLOOD TYPING SEROLOGIC ABO
"86901,1",1477874337,,BLOOD TYPING SEROLOGIC RH(D)
86902,1477874337,,BLOOD TYPE ANTIGEN DONOR EA
86920,1477874337,,COMPATIBILITY TEST SPIN
87015,1477874337,,SPECIMEN INFECT AGNT CONCNTJ
"87040,1",1477874337,,BLOOD CULTURE FOR BACTERIA
"87045,1",1477874337,,FECES CULTURE AEROBIC BACT
"87046,1",1477874337,,STOOL CULTR AEROBIC BACT EA
"87070,1",1477874337,,CULTURE OTHR SPECIMN AEROBIC
87075,1477874337,,CULTR BACTERIA EXCEPT BLOOD
87076,1477874337,,CULTURE ANAEROBE IDENT EACH
"87077,1",1477874337,,CULTURE AEROBIC IDENTIFY
"87081,1",1477874337,,CULTURE SCREEN ONLY
"87088,1",1477874337,,URINE BACTERIA CULTURE
"87102,1",1477874337,,FUNGUS ISOLATION CULTURE
87106,1477874337,,FUNGI IDENTIFICATION YEAST
"87116,1",1477874337,,MYCOBACTERIA CULTURE
"87177,1",1477874337,,OVA AND PARASITES SMEARS
"87184,1",1477874337,,MICROBE SUSCEPTIBLE DISK
"87186,1",1477874337,,MICROBE SUSCEPTIBLE MIC
"87205,1",1477874337,,SMEAR GRAM STAIN
"87206,1",1477874337,,SMEAR FLUORESCENT/ACID STAI
87207,1477874337,,SMEAR SPECIAL STAIN
"87209,1",1477874337,,SMEAR COMPLEX STAIN
"87210,1",1477874337,,SMEAR WET MOUNT SALINE/INK
87305,1477874337,,ASPERGILLUS AG IA
"87324,1",1477874337,,CLOSTRIDIUM AG IA
87329,1477874337,,GIARDIA AG IA
87337,1477874337,,ENTAMOEB HIST GROUP AG IA
"87338,1",1477874337,,HPYLORI STOOL IA
"87340,1",1477874337,,HEPATITIS B SURFACE AG IA
87350,1477874337,,HEPATITIS BE AG IA
87385,1477874337,,HISTOPLASMA CAPSUL AG IA
87400,1477874337,,INFLUENZA A/B AG IA
87425,1477874337,,ROTAVIRUS AG IA
87449,1477874337,,AG DETECT NOS IA MULT
87497,1477874337,,CYTOMEG DNA QUANT
87517,1477874337,,HEPATITIS B DNA QUANT
"87522,1",1477874337,,HEPATITIS C REVRS TRNSCRPJ
"87635,1",1477874337,,SARS-COV-2 COVID-19 AMP PRB
87880,1477874337,,STREP A ASSAY W/OPTIC
"87899,1",1477874337,,AGENT NOS ASSAY W/OPTIC
"87902,1",1477874337,,GENOTYPE DNA/RNA HEP C
88108,1477874337,,CYTOPATH CONCENTRATE TECH
88185,1477874337,,FLOWCYTOMETRY/TC ADD-ON
88237,1477874337,,TISSUE CULTURE BONE MARROW
88264,1477874337,,CHROMOSOME ANALYSIS 20-25
88280,1477874337,,CHROMOSOME KARYOTYPE STUDY
88302,1477874337,,TISSUE EXAM BY PATHOLOGIST
88305,1477874337,,TISSUE EXAM BY PATHOLOGIST
88307,1477874337,,TISSUE EXAM BY PATHOLOGIST
88309,1477874337,,TISSUE EXAM BY PATHOLOGIST
88311,1477874337,,DECALCIFY TISSUE
88313,1477874337,,SPECIAL STAINS GROUP 2
88331,1477874337,,PATH CONSULT INTRAOP 1 BLOC
88333,1477874337,,INTRAOP CYTO PATH CONSULT 1
88334,1477874337,,INTRAOP CYTO PATH CONSULT 2
88341,1477874337,,IMMUNOHISTO ANTB ADDL SLIDE
88342,1477874337,,IMMUNOHISTO ANTB 1ST STAIN
88365,1477874337,,INSITU HYBRIDIZATION (FISH)
"89050,1",1477874337,,BODY FLUID CELL COUNT
"89055,1",1477874337,,LEUKOCYTE ASSESSMENT FECAL
90471,1477874337,,IMMUNIZATION ADMIN
90675,1477874337,,RABIES VACCINE IM
90686,1477874337,,IIV4 VACC NO PRSV 0.5 ML IM
91035,1477874337,,G-ESOPH REFLX TST W/ELECTROD
91200,1477874337,,LIVER ELASTOGRAPHY
92507,1477874337,,SPEECH/HEARING THERAPY
92522,1477874337,,EVALUATE SPEECH PRODUCTION
92523,1477874337,,SPEECH SOUND LANG COMPREHEN
92526,1477874337,,ORAL FUNCTION THERAPY
92587,1477874337,,EVOKED AUDITORY TEST LIMITED
92611,1477874337,,MOTION FLUOROSCOPY/SWALLOW
92920,1477874337,,PRQ CARDIAC ANGIOPLAST 1 ART
92943,1477874337,,PRQ CARD REVASC CHRONIC 1VSL
92960,1477874337,,CARDIOVERSION ELECTRIC EXT
93005,1477874337,,ELECTROCARDIOGRAM TRACING
93015,1477874337,,CARDIOVASCULAR STRESS TEST
93017,1477874337,,CARDIOVASCULAR STRESS TEST
93306,1477874337,,TTE W/DOPPLER COMPLETE
93308,1477874337,,TTE F-UP OR LMTD
93312,1477874337,,ECHO TRANSESOPHAGEAL
93325,1477874337,,DOPPLER COLOR FLOW ADD-ON
93350,1477874337,,STRESS TTE ONLY
93454,1477874337,,CORONARY ARTERY ANGIO S&I
93458,1477874337,,L HRT ARTERY/VENTRICLE ANGIO
93459,1477874337,,L HRT ART/GRFT ANGIO
93460,1477874337,,R&L HRT ART/VENTRICLE ANGIO
93461,1477874337,,R&L HRT ART/VENTRICLE ANGIO
93462,1477874337,,L HRT CATH TRNSPTL PUNCTURE
93613,1477874337,,ELECTROPHYS MAP 3D ADD-ON
93620,1477874337,,ELECTROPHYSIOLOGY EVALUATION
93641,1477874337,,ELECTROPHYSIOLOGY EVALUATION
93655,1477874337,,ABLATE ARRHYTHMIA ADD ON
93656,1477874337,,TX ATRIAL FIB PULM VEIN ISOL
93662,1477874337,,INTRACARDIAC ECG (ICE)
93798,1477874337,,CARDIAC REHAB/MONITOR
93880,1477874337,,EXTRACRANIAL BILAT STUDY
93882,1477874337,,EXTRACRANIAL UNI/LTD STUDY
93888,1477874337,,INTRACRANIAL LIMITED STUDY
93922,1477874337,,UPR/L XTREMITY ART 2 LEVELS
93923,1477874337,,UPR/LXTR ART STDY 3+ LVLS
93925,1477874337,,LOWER EXTREMITY STUDY
93926,1477874337,,LOWER EXTREMITY STUDY
93931,1477874337,,UPPER EXTREMITY STUDY
93970,1477874337,,EXTREMITY STUDY
93971,1477874337,,EXTREMITY STUDY
93975,1477874337,,VASCULAR STUDY
93976,1477874337,,VASCULAR STUDY
93990,1477874337,,DOPPLER FLOW TESTING
94060,1477874337,,EVALUATION OF WHEEZING
94375,1477874337,,RESPIRATORY FLOW VOLUME LOOP
94640,1477874337,,AIRWAY INHALATION TREATMENT
94660,1477874337,,POS AIRWAY PRESSURE CPAP
94667,1477874337,,CHEST WALL MANIPULATION
94668,1477874337,,CHEST WALL MANIPULATION
94727,1477874337,,PULM FUNCTION TEST BY GAS
94729,1477874337,,CO/MEMBANE DIFFUSE CAPACITY
94799,1477874337,,PULMONARY SERVICE/PROCEDURE
95805,1477874337,,MULTIPLE SLEEP LATENCY TEST
95810,1477874337,,POLYSOM 6/> YRS 4/> PARAM
95811,1477874337,,POLYSOM 6/>YRS CPAP 4/> PARM
95819,1477874337,,EEG AWAKE AND ASLEEP
96365,1477874337,,THER/PROPH/DIAG IV INF INIT
96366,1477874337,,THER/PROPH/DIAG IV INF ADDON
97010,1477874337,,HOT OR COLD PACKS THERAPY
97012,1477874337,,MECHANICAL TRACTION THERAPY
97014,1477874337,,ELECTRIC STIMULATION THERAPY
97035,1477874337,,ULTRASOUND THERAPY
97110,1477874337,,THERAPEUTIC EXERCISES
97112,1477874337,,NEUROMUSCULAR REEDUCATION
97116,1477874337,,GAIT TRAINING THERAPY
97139,1477874337,,PHYSICAL MEDICINE PROCEDURE
97163,1477874337,,PT EVAL HIGH COMPLEX 45 MIN
97164,1477874337,,PT RE-EVAL EST PLAN CARE
97165,1477874337,,OT EVAL LOW COMPLEX 30 MIN
97166,1477874337,,OT EVAL MOD COMPLEX 45 MIN
97167,1477874337,,OT EVAL HIGH COMPLEX 60 MIN
97530,1477874337,,THERAPEUTIC ACTIVITIES
97535,1477874337,,SELF CARE MNGMENT TRAINING
97542,1477874337,,WHEELCHAIR MNGMENT TRAINING
97597,1477874337,,RMVL DEVITAL TIS 20 CM/<
97598,1477874337,,RMVL DEVITAL TIS ADDL 20CM/<
99499,1477874337,,UNLISTED E&M SERVICE
A9502,1477874337,,Tc99m tetrofosmin
A9503,1477874337,,Tc99m medronate
A9516,1477874337,,Iodine i-123 sod iodide mic
A9517,1477874337,,"I131 iodide cap, rx"
A9520,1477874337,,Tc99 tilmanocept diag 0.5mci
A9537,1477874337,,Tc99m mebrofenin
A9552,1477874337,,F18 fdg
C1713,1477874337,,"Anchor/screw bn/bn,tis/bn"
C1726,1477874337,,"Cath, bal dil, non-vascular"
C1730,1477874337,,"Cath, ep, 19 or few elect"
C1731,1477874337,,"Cath, ep, 20 or more elec"
C1732,1477874337,,"Cath, ep, diag/abl, 3d/vect"
C1733,1477874337,,"Cath, ep, othr than cool-tip"
C1759,1477874337,,"Cath, intra echocardiography"
C1760,1477874337,,"Closure dev, vasc"
C1762,1477874337,,"Conn tiss, human(inc fascia)"
C1764,1477874337,,"Event recorder, cardiac"
C1766,1477874337,,"Intro/sheath,strble,non-peel"
C1771,1477874337,,"Rep dev, urinary, w/sling"
C1776,1477874337,,Joint device (implantable)
C1781,1477874337,,Mesh (implantable)
C1874,1477874337,,"Stent, coated/cov w/del sys"
C1887,1477874337,,"Catheter, guiding"
C1894,1477874337,,"Intro/sheath, non-laser"
C2617,1477874337,,"Stent, non-cor, tem w/o del"
C8908,1477874337,,"Mri w/o fol w/cont, breast,"
C8924,1477874337,,"2d tte w or w/o fol w/con,fu"
C8929,1477874337,,"Tte w or wo fol wcon,doppler"
C8930,1477874337,,"Tte w or w/o contr, cont ecg"
C9290,1477874337,,"Inj, bupivacaine liposome"
C9600,1477874337,,Perc drug-el cor stent sing
C9604,1477874337,,Perc d-e cor revasc t cabg s
C9803,1477874337,,Hosp OP clin spec coll (Sars-cov-2) (cov
G0008,1477874337,,Admin influenza virus vac
"G0103,1",1477874337,,Psa screening
G0104,1477874337,,Ca screen;flexi sigmoidscope
G0105,1477874337,,Colorectal scrn; hi risk ind
G0121,1477874337,,Colon ca scrn not hi rsk ind
G0239,1477874337,,"Oth resp proc, group"
G0257,1477874337,,Unsched dialysis esrd pt hos
G0260,1477874337,,Inj for sacroiliac jt anesth
G0277,1477874337,,"Hbot, full body chamber, 30m"
G0297,1477874337,,Ldct for lung ca screen
G0399,1477874337,,Home sleep test/type 3 porta
G0480,1477874337,,Drug test def 1-7 classes
J0171,1477874337,,Adrenalin epinephrine inject
J0330,1477874337,,Succinycholine chloride inj
J0583,1477874337,,Bivalirudin
J0595,1477874337,,Butorphanol tartrate 1 mg
J0610,1477874337,,Calcium gluconate injection
J0690,1477874337,,Cefazolin sodium injection
J0694,1477874337,,Cefoxitin sodium injection
J0696,1477874337,,Ceftriaxone sodium injection
J0702,1477874337,,Betamethasone acet&sod phosp
J0744,1477874337,,Ciprofloxacin iv
J0878,1477874337,,Daptomycin injection
J1100,1477874337,,Dexamethasone sodium phos
J1170,1477874337,,Hydromorphone injection
J1200,1477874337,,Diphenhydramine hcl injectio
J1560,1477874337,,Gamma globulin > 10 cc inj
J1580,1477874337,,Garamycin gentamicin inj
J1644,1477874337,,Inj heparin sodium per 1000u
J1650,1477874337,,Inj enoxaparin sodium
J1885,1477874337,,Ketorolac tromethamine inj
J1956,1477874337,,Levofloxacin injection
J2001,1477874337,,Lidocaine injection
J2020,1477874337,,Linezolid injection
J2060,1477874337,,Lorazepam injection
J2175,1477874337,,Meperidine hydrochl /100 mg
J2210,1477874337,,Methylergonovin maleate inj
J2250,1477874337,,Inj midazolam hydrochloride
J2270,1477874337,,Morphine sulfate injection
J2274,1477874337,,Inj morphine pf epid ithc
J2405,1477874337,,Ondansetron hcl injection
J2543,1477874337,,Piperacillin/tazobactam
J2550,1477874337,,Promethazine hcl injection
J2590,1477874337,,Oxytocin injection
J2710,1477874337,,Neostigmine methylslfte inj
J2765,1477874337,,Metoclopramide hcl injection
J2785,1477874337,,Regadenoson injection
J2805,1477874337,,Sincalide injection
J2930,1477874337,,Methylprednisolone injection
J3010,1477874337,,Fentanyl citrate injection
J3301,1477874337,,Triamcinolone acet inj nos
J3370,1477874337,,Vancomycin hcl injection
J3475,1477874337,,Inj magnesium sulfate
J3490,1477874337,,Drugs unclassified injection
J7030,1477874337,,Normal saline solution infus
J7999,1477874337,,"Compounded drug, noc"
J9280,1477874337,,Mitomycin injection
P9016,1477874337,,Rbc leukocytes reduced
P9034,1477874337,,"Platelets, pheresis"
P9045,1477874337,,"Albumin (human), 5%, 250 ml"
P9047,1477874337,,"Albumin (human), 25%, 50ml"
Q9957,1477874337,,"Inj perflutren lip micros,ml"
Q9967,1477874337,,"Locm 300-399mg/ml iodine,1ml"
Q9968,1477874337,,Visualization adjunct
S0020,1477874337,,"Injection, bupivicaine hydro"
S0028,1477874337,,"Injection, famotidine, 20 mg"
S0077,1477874337,,"Injection, clindamycin phosp"
U0002,1477874337,,Covid-19 lab test non-cdc
U0003,1477874337,,"COVID-19, amp probe, high throughput"
